{
    "accuracy": 0.7988826815642458,
    "confusion_matrix": [
        [
            93,
            12
        ],
        [
            24,
            50
        ]
    ],
    "classification_report": {
        "0": {
            "precision": 0.7948717948717948,
            "recall": 0.8857142857142857,
            "f1-score": 0.8378378378378378,
            "support": 105.0
        },
        "1": {
            "precision": 0.8064516129032258,
            "recall": 0.6756756756756757,
            "f1-score": 0.7352941176470589,
            "support": 74.0
        },
        "accuracy": 0.7988826815642458,
        "macro avg": {
            "precision": 0.8006617038875103,
            "recall": 0.7806949806949807,
            "f1-score": 0.7865659777424483,
            "support": 179.0
        },
        "weighted avg": {
            "precision": 0.7996589822143976,
            "recall": 0.7988826815642458,
            "f1-score": 0.7954454618930464,
            "support": 179.0
        }
    }
}