{
    "train": {
        "accuracy": 0.898876404494382,
        "confusion_matrix": [
            [
                429,
                15
            ],
            [
                57,
                211
            ]
        ],
        "classification_report": {
            "0": {
                "precision": 0.8827160493827161,
                "recall": 0.9662162162162162,
                "f1-score": 0.9225806451612903,
                "support": 444.0
            },
            "1": {
                "precision": 0.9336283185840708,
                "recall": 0.7873134328358209,
                "f1-score": 0.854251012145749,
                "support": 268.0
            },
            "accuracy": 0.898876404494382,
            "macro avg": {
                "precision": 0.9081721839833934,
                "recall": 0.8767648245260186,
                "f1-score": 0.8884158286535196,
                "support": 712.0
            },
            "weighted avg": {
                "precision": 0.9018796563292933,
                "recall": 0.898876404494382,
                "f1-score": 0.8968610641947663,
                "support": 712.0
            }
        }
    },
    "test": {
        "accuracy": 0.8379888268156425,
        "confusion_matrix": [
            [
                95,
                10
            ],
            [
                19,
                55
            ]
        ],
        "classification_report": {
            "0": {
                "precision": 0.8333333333333334,
                "recall": 0.9047619047619048,
                "f1-score": 0.867579908675799,
                "support": 105.0
            },
            "1": {
                "precision": 0.8461538461538461,
                "recall": 0.7432432432432432,
                "f1-score": 0.7913669064748201,
                "support": 74.0
            },
            "accuracy": 0.8379888268156425,
            "macro avg": {
                "precision": 0.8397435897435898,
                "recall": 0.824002574002574,
                "f1-score": 0.8294734075753096,
                "support": 179.0
            },
            "weighted avg": {
                "precision": 0.8386334336055006,
                "recall": 0.8379888268156425,
                "f1-score": 0.8360728574865676,
                "support": 179.0
            }
        }
    }
}