{
  "accuracy": 0.7932960893854749,
  "confusion_matrix": [
    [
      94,
      11
    ],
    [
      26,
      48
    ]
  ],
  "classification_report": {
    "0": {
      "precision": 0.7833333333333333,
      "recall": 0.8952380952380953,
      "f1-score": 0.8355555555555556,
      "support": 105.0
    },
    "1": {
      "precision": 0.8135593220338984,
      "recall": 0.6486486486486487,
      "f1-score": 0.7218045112781954,
      "support": 74.0
    },
    "accuracy": 0.7932960893854749,
    "macro avg": {
      "precision": 0.7984463276836158,
      "recall": 0.7719433719433719,
      "f1-score": 0.7786800334168755,
      "support": 179.0
    },
    "weighted avg": {
      "precision": 0.7958289934665278,
      "recall": 0.7932960893854749,
      "f1-score": 0.7885299841783229,
      "support": 179.0
    }
  }
}