{
    "accuracy": 0.8156424581005587,
    "confusion_matrix": [
        [
            93,
            12
        ],
        [
            21,
            53
        ]
    ],
    "classification_report": {
        "0": {
            "precision": 0.8157894736842105,
            "recall": 0.8857142857142857,
            "f1-score": 0.8493150684931506,
            "support": 105.0
        },
        "1": {
            "precision": 0.8153846153846154,
            "recall": 0.7162162162162162,
            "f1-score": 0.762589928057554,
            "support": 74.0
        },
        "accuracy": 0.8156424581005587,
        "macro avg": {
            "precision": 0.8155870445344129,
            "recall": 0.800965250965251,
            "f1-score": 0.8059524982753523,
            "support": 179.0
        },
        "weighted avg": {
            "precision": 0.8156221020966684,
            "recall": 0.8156424581005587,
            "f1-score": 0.8134622171398872,
            "support": 179.0
        }
    }
}