{
  "accuracy": 0.8044692737430168,
  "confusion_matrix": [
    [
      90,
      15
    ],
    [
      20,
      54
    ]
  ],
  "classification_report": {
    "0": {
      "precision": 0.8181818181818182,
      "recall": 0.8571428571428571,
      "f1-score": 0.8372093023255814,
      "support": 105.0
    },
    "1": {
      "precision": 0.782608695652174,
      "recall": 0.7297297297297297,
      "f1-score": 0.7552447552447552,
      "support": 74.0
    },
    "accuracy": 0.8044692737430168,
    "macro avg": {
      "precision": 0.8003952569169961,
      "recall": 0.7934362934362934,
      "f1-score": 0.7962270287851683,
      "support": 179.0
    },
    "weighted avg": {
      "precision": 0.8034756111025241,
      "recall": 0.8044692737430168,
      "f1-score": 0.8033245174988711,
      "support": 179.0
    }
  }
}