{
  "train": {
    "accuracy": 0.9002808988764045,
    "confusion_matrix": [
      [
        431,
        13
      ],
      [
        58,
        210
      ]
    ],
    "classification_report": {
      "0": {
        "precision": 0.8813905930470347,
        "recall": 0.9707207207207207,
        "f1-score": 0.9239013933547695,
        "support": 444.0
      },
      "1": {
        "precision": 0.9417040358744395,
        "recall": 0.7835820895522388,
        "f1-score": 0.8553971486761711,
        "support": 268.0
      },
      "accuracy": 0.9002808988764045,
      "macro avg": {
        "precision": 0.9115473144607371,
        "recall": 0.8771514051364797,
        "f1-score": 0.8896492710154703,
        "support": 712.0
      },
      "weighted avg": {
        "precision": 0.904092843998923,
        "recall": 0.9002808988764045,
        "f1-score": 0.8981160877734993,
        "support": 712.0
      }
    }
  },
  "test": {
    "accuracy": 0.8379888268156425,
    "confusion_matrix": [
      [
        96,
        9
      ],
      [
        20,
        54
      ]
    ],
    "classification_report": {
      "0": {
        "precision": 0.8275862068965517,
        "recall": 0.9142857142857143,
        "f1-score": 0.8687782805429864,
        "support": 105.0
      },
      "1": {
        "precision": 0.8571428571428571,
        "recall": 0.7297297297297297,
        "f1-score": 0.7883211678832117,
        "support": 74.0
      },
      "accuracy": 0.8379888268156425,
      "macro avg": {
        "precision": 0.8423645320197044,
        "recall": 0.822007722007722,
        "f1-score": 0.828549724213099,
        "support": 179.0
      },
      "weighted avg": {
        "precision": 0.8398051572777059,
        "recall": 0.8379888268156425,
        "f1-score": 0.8355166808959288,
        "support": 179.0
      }
    }
  }
}